{"stats":{"minecraft:used":{"born_in_chaos_v1:corpse_maggot":1,"minecraft:flint_and_steel":237,"minecraft:grass_block":441,"minecraft:iron_pickaxe":31,"minecraft:dirt":4,"minecraft:beef":8,"minecraft:crafting_table":1},"minecraft:mined":{"born_in_chaos_v1:marigolds":3,"minecraft:birch_leaves":3,"gravestone:gravestone":6,"minecraft:grass":22,"minecraft:grass_block":3,"minecraft:dirt":1,"minecraft:tall_grass":4,"minecraft:oak_leaves":1},"minecraft:picked_up":{"born_in_chaos_v1:corpse_maggot":1,"minecraft:feather":2,"minecraft:chicken":3,"minecraft:leather":3,"born_in_chaos_v1:ethereal_spirit":1,"born_in_chaos_v1:dark_rod":1,"minecraft:oak_log":1,"minecraft:gunpowder":2,"minecraft:dirt":34,"born_in_chaos_v1:marigolds":3,"minecraft:arrow":1,"minecraft:bone":1,"minecraft:rotten_flesh":3,"minecraft:wheat_seeds":4,"minecraft:beef":8,"supplementaries:ash":17},"minecraft:killed_by":{"minecraft:creeper":2,"minecraft:spider":1,"born_in_chaos_v1:zombie_lumberjack":1,"born_in_chaos_v1:corpse_fish":1,"born_in_chaos_v1:zombie_bruiser":1},"minecraft:killed":{"minecraft:skeleton":1,"minecraft:chicken":3,"born_in_chaos_v1:dark_vortex":1,"minecraft:cow":1,"born_in_chaos_v1:maggot":2},"minecraft:custom":{"minecraft:time_since_rest":66129,"lootr:looted_stat":4,"minecraft:sprint_one_cm":137460,"minecraft:damage_taken":1811,"minecraft:walk_one_cm":141252,"minecraft:mob_kills":10,"minecraft:drop":1,"minecraft:damage_dealt":1055,"minecraft:talked_to_villager":2,"minecraft:swim_one_cm":8860,"minecraft:interact_with_crafting_table":3,"minecraft:fly_one_cm":1306142,"minecraft:play_time":84671,"minecraft:deaths":6,"minecraft:sneak_time":784,"minecraft:walk_under_water_one_cm":1939,"minecraft:jump":915,"minecraft:interact_with_blast_furnace":1,"minecraft:leave_game":1,"minecraft:time_since_death":66074,"minecraft:walk_on_water_one_cm":16905,"minecraft:total_world_time":84671,"minecraft:fall_one_cm":18217,"minecraft:horse_one_cm":19387},"minecraft:dropped":{"minecraft:wheat_seeds":1}},"DataVersion":3465}