{"stats":{"minecraft:killed_by":{"grimoireofgaia:minotaur":2},"minecraft:custom":{"minecraft:jump":179,"minecraft:open_chest":3,"minecraft:time_since_rest":2590,"minecraft:deaths":2,"minecraft:sprint_one_cm":32060,"minecraft:play_time":3800,"minecraft:damage_taken":630,"minecraft:time_since_death":2560,"minecraft:walk_one_cm":19505,"minecraft:total_world_time":3800,"minecraft:fall_one_cm":4389,"minecraft:fly_one_cm":101985},"minecraft:mined":{"minecraft:tall_grass":1,"minecraft:grass":3}},"DataVersion":3465}