{"stats":{"minecraft:killed_by":{"grimoireofgaia:cecaelia":1,"grimoireofgaia:minotaur":3},"minecraft:custom":{"minecraft:time_since_rest":9088,"minecraft:open_chest":6,"minecraft:crouch_one_cm":7193,"minecraft:play_time":15800,"minecraft:sprint_one_cm":91405,"minecraft:walk_one_cm":67715,"minecraft:damage_taken":1158,"minecraft:deaths":4,"minecraft:sneak_time":1861,"minecraft:walk_under_water_one_cm":2286,"minecraft:mob_kills":8,"minecraft:animals_bred":1,"minecraft:damage_dealt_resisted":135,"minecraft:jump":469,"minecraft:damage_dealt":1776,"minecraft:walk_on_water_one_cm":6172,"minecraft:time_since_death":9051,"minecraft:total_world_time":15800,"minecraft:swim_one_cm":10088,"minecraft:fly_one_cm":263702,"minecraft:fall_one_cm":11388},"minecraft:killed":{"orcz:orcsavagemace":1,"orcz:orcsavage_2sword":1,"orcz:snot":3,"orcz:orcshield":1,"minecraft:creeper":1,"orcz:bigorcboss":1},"minecraft:picked_up":{"minecraft:stick":1,"orcz:orcteeth":20,"minecraft:diamond":9,"minecraft:wheat_seeds":1,"orcz:orcagaric":1,"orcz:orcshroom":1,"minecraft:iron_ingot":3,"orcz:orchorn":1,"minecraft:poppy":1,"minecraft:mutton":1,"minecraft:white_wool":1},"minecraft:used":{"minecraft:apple":4,"minecraft:mutton":1,"spartanweaponry:iron_katana":32,"minecraft:potato":4,"minecraft:iron_leggings":1},"minecraft:mined":{"gravestone:gravestone":4,"minecraft:grass":4,"minecraft:tall_grass":2}},"DataVersion":3465}