{"stats":{"minecraft:used":{"born_in_chaos_v1:corpse_maggot":1,"minecraft:iron_pickaxe":21,"minecraft:dirt":4,"minecraft:beef":7},"minecraft:dropped":{"minecraft:wheat_seeds":1},"minecraft:custom":{"minecraft:time_since_rest":8704,"lootr:looted_stat":3,"minecraft:sprint_one_cm":99605,"minecraft:damage_taken":1811,"minecraft:walk_one_cm":71445,"minecraft:mob_kills":7,"minecraft:drop":1,"minecraft:damage_dealt":485,"minecraft:swim_one_cm":8860,"minecraft:talked_to_villager":2,"minecraft:fly_one_cm":267744,"minecraft:play_time":27246,"minecraft:deaths":6,"minecraft:walk_under_water_one_cm":1939,"minecraft:jump":709,"minecraft:interact_with_blast_furnace":1,"minecraft:time_since_death":8649,"minecraft:walk_on_water_one_cm":16905,"minecraft:total_world_time":27246,"minecraft:fall_one_cm":18217,"minecraft:horse_one_cm":19387},"minecraft:mined":{"born_in_chaos_v1:marigolds":3,"minecraft:birch_leaves":3,"gravestone:gravestone":6,"minecraft:grass":22,"minecraft:grass_block":3,"minecraft:dirt":1,"minecraft:tall_grass":4,"minecraft:oak_leaves":1},"minecraft:killed_by":{"minecraft:creeper":2,"minecraft:spider":1,"born_in_chaos_v1:corpse_fish":1,"born_in_chaos_v1:zombie_lumberjack":1,"born_in_chaos_v1:zombie_bruiser":1},"minecraft:picked_up":{"born_in_chaos_v1:corpse_maggot":1,"minecraft:feather":2,"minecraft:chicken":3,"minecraft:leather":3,"minecraft:dirt":4,"born_in_chaos_v1:marigolds":3,"minecraft:rotten_flesh":1,"minecraft:wheat_seeds":4,"minecraft:beef":8},"minecraft:killed":{"minecraft:chicken":3,"minecraft:cow":1,"born_in_chaos_v1:maggot":2}},"DataVersion":3465}