{"stats":{"minecraft:used":{"born_in_chaos_v1:corpse_maggot":1,"minecraft:beef":4},"minecraft:custom":{"minecraft:time_since_rest":1350,"minecraft:play_time":15246,"minecraft:sprint_one_cm":58403,"minecraft:walk_one_cm":42161,"minecraft:damage_taken":955,"minecraft:deaths":3,"minecraft:walk_under_water_one_cm":1620,"minecraft:mob_kills":4,"minecraft:jump":373,"minecraft:damage_dealt":341,"minecraft:walk_on_water_one_cm":14245,"minecraft:time_since_death":1291,"minecraft:total_world_time":15246,"minecraft:swim_one_cm":6262,"minecraft:fall_one_cm":9291,"minecraft:fly_one_cm":113345,"minecraft:horse_one_cm":19387},"minecraft:mined":{"gravestone:gravestone":2,"minecraft:grass":6,"born_in_chaos_v1:marigolds":3,"minecraft:tall_grass":3},"minecraft:killed_by":{"minecraft:creeper":2,"born_in_chaos_v1:corpse_fish":1},"minecraft:picked_up":{"born_in_chaos_v1:corpse_maggot":1,"born_in_chaos_v1:marigolds":3,"minecraft:rotten_flesh":1,"minecraft:leather":3,"minecraft:wheat_seeds":2,"minecraft:beef":8},"minecraft:killed":{"minecraft:cow":1,"born_in_chaos_v1:maggot":2}},"DataVersion":3465}