{"stats":{"minecraft:killed_by":{"grimoireofgaia:cecaelia":1,"grimoireofgaia:minotaur":3},"minecraft:custom":{"minecraft:time_since_rest":45088,"minecraft:sprint_one_cm":131257,"minecraft:damage_taken":1204,"minecraft:walk_one_cm":141461,"minecraft:mob_kills":17,"minecraft:animals_bred":1,"minecraft:damage_dealt":6238,"minecraft:swim_one_cm":20740,"minecraft:fly_one_cm":1946299,"minecraft:open_chest":19,"minecraft:crouch_one_cm":7526,"minecraft:play_time":51800,"minecraft:deaths":4,"minecraft:sneak_time":2161,"minecraft:walk_under_water_one_cm":7768,"minecraft:jump":641,"minecraft:damage_dealt_resisted":135,"minecraft:time_since_death":45051,"minecraft:walk_on_water_one_cm":8154,"minecraft:total_world_time":51800,"minecraft:fall_one_cm":11388},"minecraft:killed":{"minecraft:skeleton":1,"grimoireofgaia:cyan_flower":1,"minecraft:zombie":1,"grimoireofgaia:cyclops":2,"iceandfire:cyclops":1,"orcz:bigorcboss":1,"bloodandmadness:huntsman_axe":1,"riskofrain_mobs:stone_golem_entity":1,"grimoireofgaia:yuki_onna":1,"orcz:orcsavagemace":1,"orcz:orcsavage_2sword":1,"orcz:snot":3,"orcz:orcshield":1,"minecraft:creeper":1},"minecraft:picked_up":{"minecraft:stick":1,"orcz:orcteeth":20,"orcz:orcagaric":1,"orcz:orchorn":1,"minecraft:stone_button":4,"bloodandmadness:blood_vial":1,"minecraft:diamond":9,"minecraft:wheat_seeds":1,"minecraft:gold_nugget":53,"orcz:orcshroom":1,"minecraft:iron_ingot":3,"minecraft:iron_nugget":3,"minecraft:poppy":2,"minecraft:mutton":1,"bloodandmadness:blood_stone_shard":1,"grimoireofgaia:fur":2,"minecraft:white_wool":3},"minecraft:used":{"minecraft:apple":4,"minecraft:iron_boots":1,"orcz:pallisade":5,"minecraft:mutton":1,"spartanweaponry:iron_katana":98,"minecraft:potato":4,"minecraft:iron_leggings":1},"minecraft:mined":{"gravestone:gravestone":4,"minecraft:grass":4,"minecraft:tall_grass":2}},"DataVersion":3465}