{"stats":{"minecraft:killed_by":{"grimoireofgaia:cecaelia":1,"grimoireofgaia:minotaur":3},"minecraft:custom":{"minecraft:time_since_rest":21088,"minecraft:sprint_one_cm":112590,"minecraft:damage_taken":1158,"minecraft:walk_one_cm":106305,"minecraft:mob_kills":14,"minecraft:animals_bred":1,"minecraft:damage_dealt":3516,"minecraft:swim_one_cm":10088,"minecraft:fly_one_cm":354357,"minecraft:open_chest":7,"minecraft:crouch_one_cm":7193,"minecraft:play_time":27800,"minecraft:deaths":4,"minecraft:sneak_time":1926,"minecraft:walk_under_water_one_cm":2286,"minecraft:jump":511,"minecraft:damage_dealt_resisted":135,"minecraft:time_since_death":21051,"minecraft:walk_on_water_one_cm":6172,"minecraft:total_world_time":27800,"minecraft:fall_one_cm":11388},"minecraft:killed":{"grimoireofgaia:cyan_flower":1,"minecraft:zombie":1,"grimoireofgaia:cyclops":2,"orcz:bigorcboss":1,"bloodandmadness:huntsman_axe":1,"grimoireofgaia:yuki_onna":1,"orcz:orcsavagemace":1,"orcz:orcsavage_2sword":1,"orcz:snot":3,"orcz:orcshield":1,"minecraft:creeper":1},"minecraft:picked_up":{"minecraft:stick":1,"orcz:orcteeth":20,"orcz:orcagaric":1,"orcz:orchorn":1,"minecraft:stone_button":4,"bloodandmadness:blood_vial":1,"minecraft:diamond":9,"minecraft:wheat_seeds":1,"minecraft:gold_nugget":1,"orcz:orcshroom":1,"minecraft:iron_ingot":3,"minecraft:iron_nugget":3,"minecraft:poppy":2,"minecraft:mutton":1,"bloodandmadness:blood_stone_shard":1,"grimoireofgaia:fur":2,"minecraft:white_wool":1},"minecraft:used":{"minecraft:apple":4,"orcz:pallisade":4,"minecraft:mutton":1,"spartanweaponry:iron_katana":54,"minecraft:potato":4,"minecraft:iron_leggings":1},"minecraft:mined":{"gravestone:gravestone":4,"minecraft:grass":4,"minecraft:tall_grass":2}},"DataVersion":3465}